{
	"info": {
		"_postman_id": "78e3c7a1-d62e-4376-9923-d87a8deb8915",
		"name": "Marca-ambiental",
		"schema": "https://schema.getpostman.com/json/collection/v2.1.0/collection.json"
	},
	"item": [
		{
			"name": "Marca-ambiental",
			"item": [
				{
					"name": "Areas",
					"item": [
						{
							"name": "Criação Área",
							"request": {
								"auth": {
									"type": "bearer",
									"bearer": [
										{
											"key": "token",
											"value": "eyJhbGciOiJIUzI1NiIsInR5cCI6IkpXVCJ9.eyJ1c2VybmFtZSI6Im1hdGV1czEiLCJpYXQiOjE2NjExOTE1MDMsImV4cCI6MTY2MTI3NzkwMywic3ViIjoibWF0ZXVzMSJ9.O6jI1sboxG-_q2RFvi9mZQDi4hjKyD3QuqgZC3gfw1o",
											"type": "string"
										}
									]
								},
								"method": "POST",
								"header": [],
								"body": {
									"mode": "raw",
									"raw": "{\r\n    \"name\": \"Are1212121212a1\",\r\n    \"description\": \"SIM\",\r\n    \"user_id\": 1\r\n}",
									"options": {
										"raw": {
											"language": "json"
										}
									}
								},
								"url": {
									"raw": "localhost:3001/area",
									"host": [
										"localhost"
									],
									"port": "3001",
									"path": [
										"area"
									]
								}
							},
							"response": []
						},
						{
							"name": "Update Area",
							"request": {
								"auth": {
									"type": "bearer",
									"bearer": [
										{
											"key": "token",
											"value": "eyJhbGciOiJIUzI1NiIsInR5cCI6IkpXVCJ9.eyJ1c2VybmFtZSI6Imp1YW4xMiIsImlhdCI6MTY1OTQ2Nzc3NywiZXhwIjoxNjU5NTU0MTc3LCJzdWIiOiJqdWFuMTIifQ.GRHMpiaXvE9mGURio2GR5Fhc_5IQj2368wdPobnoJdo",
											"type": "string"
										}
									]
								},
								"method": "PUT",
								"header": [],
								"body": {
									"mode": "raw",
									"raw": "{\r\n    \"name\": \"Novo\"\r\n}",
									"options": {
										"raw": {
											"language": "json"
										}
									}
								},
								"url": {
									"raw": "localhost:3001/area/1",
									"host": [
										"localhost"
									],
									"port": "3001",
									"path": [
										"area",
										"1"
									]
								}
							},
							"response": []
						},
						{
							"name": "Get Area By ID",
							"request": {
								"method": "GET",
								"header": [],
								"url": {
									"raw": "localhost:3001/area/1",
									"host": [
										"localhost"
									],
									"port": "3001",
									"path": [
										"area",
										"1"
									]
								}
							},
							"response": []
						},
						{
							"name": "Get All Areas",
							"request": {
								"method": "GET",
								"header": [],
								"url": {
									"raw": "localhost:3001/area/",
									"host": [
										"localhost"
									],
									"port": "3001",
									"path": [
										"area",
										""
									]
								}
							},
							"response": []
						},
						{
							"name": "Delete Area",
							"request": {
								"auth": {
									"type": "bearer",
									"bearer": [
										{
											"key": "token",
											"value": "eyJhbGciOiJIUzI1NiIsInR5cCI6IkpXVCJ9.eyJ1c2VybmFtZSI6Im1hdGV1czEiLCJpYXQiOjE2NjExOTE1MDMsImV4cCI6MTY2MTI3NzkwMywic3ViIjoibWF0ZXVzMSJ9.O6jI1sboxG-_q2RFvi9mZQDi4hjKyD3QuqgZC3gfw1o",
											"type": "string"
										}
									]
								},
								"method": "DELETE",
								"header": [],
								"url": {
									"raw": "localhost:3001/area/11",
									"host": [
										"localhost"
									],
									"port": "3001",
									"path": [
										"area",
										"11"
									]
								}
							},
							"response": []
						}
					]
				},
				{
					"name": "Users",
					"item": [
						{
							"name": "Criação usuário",
							"request": {
								"method": "POST",
								"header": [],
								"body": {
									"mode": "raw",
									"raw": "{\r\n    \"username\":\"juan1\",\r\n    \"password\":\"juan\",\r\n    \"email\": \"juan@juan.com\",\r\n    \"name\":\"juan\"\r\n}",
									"options": {
										"raw": {
											"language": "json"
										}
									}
								},
								"url": {
									"raw": "localhost:3001/user",
									"host": [
										"localhost"
									],
									"port": "3001",
									"path": [
										"user"
									]
								}
							},
							"response": []
						},
						{
							"name": "Autenticação",
							"request": {
								"method": "POST",
								"header": [],
								"body": {
									"mode": "raw",
									"raw": "{\r\n    \"username\": \"mateus1\",\r\n    \"password\": \"mateus\"\r\n}",
									"options": {
										"raw": {
											"language": "json"
										}
									}
								},
								"url": {
									"raw": "localhost:3001/user/authenticate",
									"host": [
										"localhost"
									],
									"port": "3001",
									"path": [
										"user",
										"authenticate"
									]
								}
							},
							"response": []
						},
						{
							"name": "Deletar usuário",
							"request": {
								"method": "DELETE",
								"header": [],
								"url": {
									"raw": "localhost:3001/user/1",
									"host": [
										"localhost"
									],
									"port": "3001",
									"path": [
										"user",
										"1"
									]
								}
							},
							"response": []
						},
						{
							"name": "Read All Users",
							"request": {
								"auth": {
									"type": "bearer",
									"bearer": [
										{
											"key": "token",
											"value": "eyJhbGciOiJIUzI1NiIsInR5cCI6IkpXVCJ9.eyJ1c2VybmFtZSI6Imp1YW4xMiIsImlhdCI6MTY1OTQ2Nzc3NywiZXhwIjoxNjU5NTU0MTc3LCJzdWIiOiJqdWFuMTIifQ.GRHMpiaXvE9mGURio2GR5Fhc_5IQj2368wdPobnoJdo",
											"type": "string"
										}
									]
								},
								"method": "GET",
								"header": [],
								"url": {
									"raw": "localhost:3001/user",
									"host": [
										"localhost"
									],
									"port": "3001",
									"path": [
										"user"
									]
								}
							},
							"response": []
						},
						{
							"name": "Read User By ID",
							"request": {
								"auth": {
									"type": "bearer",
									"bearer": [
										{
											"key": "token",
											"value": "eyJhbGciOiJIUzI1NiIsInR5cCI6IkpXVCJ9.eyJ1c2VybmFtZSI6Imp1YW4xMiIsImlhdCI6MTY1OTQ2Nzc3NywiZXhwIjoxNjU5NTU0MTc3LCJzdWIiOiJqdWFuMTIifQ.GRHMpiaXvE9mGURio2GR5Fhc_5IQj2368wdPobnoJdo",
											"type": "string"
										}
									]
								},
								"method": "GET",
								"header": [],
								"url": {
									"raw": "localhost:3001/user/1",
									"host": [
										"localhost"
									],
									"port": "3001",
									"path": [
										"user",
										"1"
									]
								}
							},
							"response": []
						},
						{
							"name": "Update User By ID",
							"request": {
								"auth": {
									"type": "bearer",
									"bearer": [
										{
											"key": "token",
											"value": "eyJhbGciOiJIUzI1NiIsInR5cCI6IkpXVCJ9.eyJ1c2VybmFtZSI6Imp1YW4xMiIsImlhdCI6MTY1OTQ2Nzc3NywiZXhwIjoxNjU5NTU0MTc3LCJzdWIiOiJqdWFuMTIifQ.GRHMpiaXvE9mGURio2GR5Fhc_5IQj2368wdPobnoJdo",
											"type": "string"
										}
									]
								},
								"method": "PUT",
								"header": [],
								"body": {
									"mode": "raw",
									"raw": "{\r\n    \"email\": \"oi.com\"\r\n}",
									"options": {
										"raw": {
											"language": "json"
										}
									}
								},
								"url": {
									"raw": "localhost:3001/user/1",
									"host": [
										"localhost"
									],
									"port": "3001",
									"path": [
										"user",
										"1"
									]
								}
							},
							"response": []
						}
					]
				},
				{
					"name": "Forms",
					"item": [
						{
							"name": "Create Forms",
							"request": {
								"auth": {
									"type": "bearer",
									"bearer": [
										{
											"key": "token",
											"value": "eyJhbGciOiJIUzI1NiIsInR5cCI6IkpXVCJ9.eyJ1c2VybmFtZSI6Imp1YW4xMiIsImlhdCI6MTY1OTQ2OTc2OSwiZXhwIjoxNjU5NTU2MTY5LCJzdWIiOiJqdWFuMTIifQ.VIjod43ah4u3D0h1XkBrCQtt3DdIdrK2c5hoeOC9c4g",
											"type": "string"
										}
									]
								},
								"method": "POST",
								"header": [],
								"body": {
									"mode": "raw",
									"raw": "{\r\n    \"title\": \"new form\",\r\n    \"description\": \" New description\",\r\n    \"link\": \"youtube.com/13\",\r\n    \"user_id\": 2\r\n}",
									"options": {
										"raw": {
											"language": "json"
										}
									}
								},
								"url": {
									"raw": "localhost:3001/forms",
									"host": [
										"localhost"
									],
									"port": "3001",
									"path": [
										"forms"
									]
								}
							},
							"response": []
						},
						{
							"name": "Update Forms",
							"request": {
								"auth": {
									"type": "bearer",
									"bearer": [
										{
											"key": "token",
											"value": "eyJhbGciOiJIUzI1NiIsInR5cCI6IkpXVCJ9.eyJ1c2VybmFtZSI6Imp1YW4xMiIsImlhdCI6MTY1OTQ2OTc2OSwiZXhwIjoxNjU5NTU2MTY5LCJzdWIiOiJqdWFuMTIifQ.VIjod43ah4u3D0h1XkBrCQtt3DdIdrK2c5hoeOC9c4g",
											"type": "string"
										}
									]
								},
								"method": "PUT",
								"header": [],
								"body": {
									"mode": "raw",
									"raw": "{\r\n    \"title\":\"Mundo\",\r\n    \"description\": \"Hello\",\r\n    \"link\":\"google.com\"\r\n}",
									"options": {
										"raw": {
											"language": "json"
										}
									}
								},
								"url": {
									"raw": "localhost:3001/forms/1",
									"host": [
										"localhost"
									],
									"port": "3001",
									"path": [
										"forms",
										"1"
									]
								}
							},
							"response": []
						},
						{
							"name": "Get Form ID",
							"request": {
								"method": "GET",
								"header": [],
								"url": {
									"raw": "localhost:3001/forms/1",
									"host": [
										"localhost"
									],
									"port": "3001",
									"path": [
										"forms",
										"1"
									]
								}
							},
							"response": []
						},
						{
							"name": "Delete Form",
							"request": {
								"auth": {
									"type": "bearer",
									"bearer": [
										{
											"key": "token",
											"value": "eyJhbGciOiJIUzI1NiIsInR5cCI6IkpXVCJ9.eyJ1c2VybmFtZSI6Imp1YW4xMiIsImlhdCI6MTY1OTQ2OTc2OSwiZXhwIjoxNjU5NTU2MTY5LCJzdWIiOiJqdWFuMTIifQ.VIjod43ah4u3D0h1XkBrCQtt3DdIdrK2c5hoeOC9c4g",
											"type": "string"
										}
									]
								},
								"method": "DELETE",
								"header": [],
								"url": {
									"raw": "localhost:3001/forms/1",
									"host": [
										"localhost"
									],
									"port": "3001",
									"path": [
										"forms",
										"1"
									]
								}
							},
							"response": []
						}
					]
				},
				{
					"name": "Videos",
					"item": [
						{
							"name": "Post Videos",
							"request": {
								"auth": {
									"type": "bearer",
									"bearer": [
										{
											"key": "token",
											"value": "eyJhbGciOiJIUzI1NiIsInR5cCI6IkpXVCJ9.eyJ1c2VybmFtZSI6Imp1YW4xMiIsImlhdCI6MTY1OTQ2OTc2OSwiZXhwIjoxNjU5NTU2MTY5LCJzdWIiOiJqdWFuMTIifQ.VIjod43ah4u3D0h1XkBrCQtt3DdIdrK2c5hoeOC9c4g",
											"type": "string"
										}
									]
								},
								"method": "POST",
								"header": [],
								"body": {
									"mode": "raw",
									"raw": "{\r\n    \"name\": \"youtube\",\r\n    \"description\": \"oi\",\r\n    \"link\": \"youtube.com/333\",\r\n    \"user_id\": 1\r\n}",
									"options": {
										"raw": {
											"language": "json"
										}
									}
								},
								"url": {
									"raw": "localhost:3001/video",
									"host": [
										"localhost"
									],
									"port": "3001",
									"path": [
										"video"
									]
								}
							},
							"response": []
						},
						{
							"name": "Update Videos",
							"request": {
								"auth": {
									"type": "bearer",
									"bearer": [
										{
											"key": "token",
											"value": "eyJhbGciOiJIUzI1NiIsInR5cCI6IkpXVCJ9.eyJ1c2VybmFtZSI6Imp1YW4xMiIsImlhdCI6MTY1OTQ2OTc2OSwiZXhwIjoxNjU5NTU2MTY5LCJzdWIiOiJqdWFuMTIifQ.VIjod43ah4u3D0h1XkBrCQtt3DdIdrK2c5hoeOC9c4g",
											"type": "string"
										}
									]
								},
								"method": "PUT",
								"header": [],
								"body": {
									"mode": "raw",
									"raw": "{\r\n    \"name\":\" world\"\r\n}",
									"options": {
										"raw": {
											"language": "json"
										}
									}
								},
								"url": {
									"raw": "localhost:3001/video/1",
									"host": [
										"localhost"
									],
									"port": "3001",
									"path": [
										"video",
										"1"
									]
								}
							},
							"response": []
						},
						{
							"name": "Get All Videos",
							"request": {
								"method": "GET",
								"header": [],
								"url": {
									"raw": "localhost:3001/video",
									"host": [
										"localhost"
									],
									"port": "3001",
									"path": [
										"video"
									]
								}
							},
							"response": []
						},
						{
							"name": "Get Video By ID",
							"request": {
								"method": "GET",
								"header": [],
								"url": {
									"raw": "localhost:3001/video/1",
									"host": [
										"localhost"
									],
									"port": "3001",
									"path": [
										"video",
										"1"
									]
								}
							},
							"response": []
						},
						{
							"name": "Delete video",
							"request": {
								"auth": {
									"type": "bearer",
									"bearer": [
										{
											"key": "token",
											"value": "eyJhbGciOiJIUzI1NiIsInR5cCI6IkpXVCJ9.eyJ1c2VybmFtZSI6Imp1YW4xMiIsImlhdCI6MTY1OTQ2OTc2OSwiZXhwIjoxNjU5NTU2MTY5LCJzdWIiOiJqdWFuMTIifQ.VIjod43ah4u3D0h1XkBrCQtt3DdIdrK2c5hoeOC9c4g",
											"type": "string"
										}
									]
								},
								"method": "DELETE",
								"header": [],
								"url": {
									"raw": "localhost:3001/video/2",
									"host": [
										"localhost"
									],
									"port": "3001",
									"path": [
										"video",
										"2"
									]
								}
							},
							"response": []
						}
					]
				},
				{
					"name": "Area-video",
					"item": [
						{
							"name": "Post Area-Video",
							"request": {
								"auth": {
									"type": "bearer",
									"bearer": [
										{
											"key": "token",
											"value": "eyJhbGciOiJIUzI1NiIsInR5cCI6IkpXVCJ9.eyJ1c2VybmFtZSI6Imp1YW4xMiIsImlhdCI6MTY1OTQ2OTc2OSwiZXhwIjoxNjU5NTU2MTY5LCJzdWIiOiJqdWFuMTIifQ.VIjod43ah4u3D0h1XkBrCQtt3DdIdrK2c5hoeOC9c4g",
											"type": "string"
										}
									]
								},
								"method": "POST",
								"header": [],
								"body": {
									"mode": "raw",
									"raw": "{\r\n    \"area_id\":1,\r\n    \"video_id\": 3,\r\n    \"order\":10,\r\n    \"user_id\":1\r\n}",
									"options": {
										"raw": {
											"language": "json"
										}
									}
								},
								"url": {
									"raw": "localhost:3001/area/video",
									"host": [
										"localhost"
									],
									"port": "3001",
									"path": [
										"area",
										"video"
									]
								}
							},
							"response": []
						},
						{
							"name": "Get Area Video By ID",
							"request": {
								"method": "GET",
								"header": [],
								"url": {
									"raw": "localhost:3001/area/video/1",
									"host": [
										"localhost"
									],
									"port": "3001",
									"path": [
										"area",
										"video",
										"1"
									]
								}
							},
							"response": []
						},
						{
							"name": "Delete Area Video By ID",
							"request": {
								"method": "DELETE",
								"header": [],
								"url": {
									"raw": "localhost:3001/areavideo/1",
									"host": [
										"localhost"
									],
									"port": "3001",
									"path": [
										"areavideo",
										"1"
									]
								}
							},
							"response": []
						},
						{
							"name": "Update Area Video",
							"request": {
								"method": "PUT",
								"header": [],
								"url": {
									"raw": "localhost:3001/areavideo/1/1",
									"host": [
										"localhost"
									],
									"port": "3001",
									"path": [
										"areavideo",
										"1",
										"1"
									]
								}
							},
							"response": []
						},
						{
							"name": "Delete only video",
							"request": {
								"method": "DELETE",
								"header": [],
								"url": {
									"raw": "localhost:30001/areavideo/1",
									"host": [
										"localhost"
									],
									"port": "30001",
									"path": [
										"areavideo",
										"1"
									]
								}
							},
							"response": []
						}
					]
				}
			]
		}
	]
}